avg_rmse,maxDepth,maxIter
1.807147646877379,4,30
1.5367805737871738,4,50
1.3367654400992188,6,30
1.2013050045425213,6,50
