avg_rmse,maxBins,maxDepth
3.441500602947608,32,4
3.4356776485728364,64,4
2.068600781784887,32,6
1.8991017615464554,64,6
