feature,importance
DEW_C,0.7803403041352135
RH_PCT,0.2190518614303552
LATITUDE,0.0004559326035416544
PRECIP_MM,9.671745029455544e-05
SLP_HPA,5.518438059500005e-05
LONGITUDE,0.0
WIND_SPEED,0.0
MONTH,0.0
ELEVATION,0.0
HOUR,0.0
DAY_OF_YEAR,0.0
VIS_M,0.0
WIND_DIR,0.0
