avg_rmse,maxBins,maxDepth
4.7721728856173415,32,3
4.797163513592886,64,3
2.625254048912117,32,5
2.5485437907293447,64,5
