avg_rmse,maxDepth,maxIter
1.807147646877379,4,30
1.5367805737871738,4,50
1.3367654400992188,6,30
1.201305004542521,6,50
