avg_rmse,maxDepth,numTrees
2.860297962715516,6,20
2.715958002778427,6,50
1.1959383730834554,12,20
1.1634204249916786,12,50
