feature,importance
DEW_C,0.5748295534959691
RH_PCT,0.1498620253929014
LATITUDE,0.1116110189381628
DAY_OF_YEAR,0.0579404332686851
MONTH,0.0433067643865417
SLP_HPA,0.0299842052327991
LONGITUDE,0.0141998150141853
ELEVATION,0.0066167708505667
PRECIP_MM,0.0045967164583813
VIS_M,0.0040304756789206
HOUR,0.0018677617517972
WIND_SPEED,0.0009002710172351658
WIND_DIR,0.0002541885138539663
