feature,importance
DEW_C,0.6927657909994106
RH_PCT,0.2555233605205647
LATITUDE,0.01709821303319374
LONGITUDE,0.009190108463086941
DAY_OF_YEAR,0.006080362154179925
ELEVATION,0.005177940917894862
SLP_HPA,0.005107354035474117
WIND_SPEED,0.003201722744761176
HOUR,0.002377155697055731
MONTH,0.0017678070958469438
VIS_M,8.853659425594305E-4
PRECIP_MM,6.409985132834152E-4
WIND_DIR,1.8381988268850288E-4
